,ETFPrice,CallPrice,PutPrice,StrikePrice,LocalTime,Type and Action,Profit
0,1.959,0.041,0.0401,1.95,2016-Feb-16 09:30:21.181573,"Put Call Parity, Sell Put and Buy Call and sell Stock and Buy Risk Free Bond",9.102368116059061
1,1.959,0.042,0.039,1.95,2016-Feb-16 09:30:34.699123,"Put Call Parity, Sell Call and Buy Put and Buy the Stock and Sell Risk Free Bond",5.297631883940915
2,1.959,0.042,0.039,1.95,2016-Feb-16 09:30:34.699247,"Put Call Parity, Sell Call and Buy Put and Buy the Stock and Sell Risk Free Bond",5.297631883940915
3,1.958,0.071,0.0192,1.9,2016-Feb-16 09:30:56.220398,"Put Call Parity, Sell Call and Buy Put and Buy the Stock and Sell Risk Free Bond",3.6920562697294024
4,1.958,0.0422,0.0407,1.95,2016-Feb-16 09:30:58.231042,"Put Call Parity, Sell Call and Buy Put and Buy the Stock and Sell Risk Free Bond",0.25389220533186574
5,1.958,0.0422,0.04,1.95,2016-Feb-16 09:30:58.231110,"Put Call Parity, Sell Call and Buy Put and Buy the Stock and Sell Risk Free Bond",7.253892205331858
6,1.958,0.0422,0.0407,1.95,2016-Feb-16 09:30:58.737557,"Put Call Parity, Sell Call and Buy Put and Buy the Stock and Sell Risk Free Bond",0.25389220533186574
7,1.959,0.0434,0.0406,1.95,2016-Feb-16 09:31:03.227368,"Put Call Parity, Sell Call and Buy Put and Buy the Stock and Sell Risk Free Bond",3.2976318839409275
8,1.959,0.0434,0.0406,1.95,2016-Feb-16 09:31:03.227393,"Put Call Parity, Sell Call and Buy Put and Buy the Stock and Sell Risk Free Bond",3.2976318839409275
9,1.957,0.0227,0.072,2.0,2016-Feb-16 09:31:04.767138,"Put Call Parity, Sell Call and Buy Put and Buy the Stock and Sell Risk Free Bond",1.7719884623208477
10,1.957,0.0227,0.072,2.0,2016-Feb-16 09:31:04.767171,"Put Call Parity, Sell Call and Buy Put and Buy the Stock and Sell Risk Free Bond",1.7719884623208477
11,1.957,0.0411,0.0406,1.95,2016-Feb-16 09:31:04.767236,"Put Call Parity, Sell Call and Buy Put and Buy the Stock and Sell Risk Free Bond",0.21015252672060036
12,1.957,0.1547,0.0035,1.8,2016-Feb-16 09:31:04.767471,"Put Call Parity, Sell Call and Buy Put and Buy the Stock and Sell Risk Free Bond",8.524644719919952
13,1.957,0.0227,0.072,2.0,2016-Feb-16 09:31:05.263763,"Put Call Parity, Sell Call and Buy Put and Buy the Stock and Sell Risk Free Bond",1.7719884623208477
14,1.957,0.0411,0.0406,1.95,2016-Feb-16 09:31:05.263793,"Put Call Parity, Sell Call and Buy Put and Buy the Stock and Sell Risk Free Bond",0.21015252672060036
15,1.957,0.1547,0.0035,1.8,2016-Feb-16 09:31:05.264023,"Put Call Parity, Sell Call and Buy Put and Buy the Stock and Sell Risk Free Bond",8.524644719919952
16,1.957,0.0227,0.072,2.0,2016-Feb-16 09:31:05.775505,"Put Call Parity, Sell Call and Buy Put and Buy the Stock and Sell Risk Free Bond",1.7719884623208477
17,1.957,0.0429,0.0406,1.95,2016-Feb-16 09:31:05.775596,"Put Call Parity, Sell Call and Buy Put and Buy the Stock and Sell Risk Free Bond",18.21015252672063
18,1.957,0.0429,0.0397,1.95,2016-Feb-16 09:31:05.775629,"Put Call Parity, Sell Call and Buy Put and Buy the Stock and Sell Risk Free Bond",27.21015252672061
19,1.957,0.1547,0.0035,1.8,2016-Feb-16 09:31:05.775898,"Put Call Parity, Sell Call and Buy Put and Buy the Stock and Sell Risk Free Bond",8.524644719919952
20,1.957,0.0227,0.072,2.0,2016-Feb-16 09:31:06.277278,"Put Call Parity, Sell Call and Buy Put and Buy the Stock and Sell Risk Free Bond",1.7719884623208477
21,1.957,0.0411,0.0397,1.95,2016-Feb-16 09:31:06.277352,"Put Call Parity, Sell Call and Buy Put and Buy the Stock and Sell Risk Free Bond",9.21015252672058
22,1.957,0.0411,0.0397,1.95,2016-Feb-16 09:31:06.277387,"Put Call Parity, Sell Call and Buy Put and Buy the Stock and Sell Risk Free Bond",9.21015252672058
23,1.957,0.1547,0.0035,1.8,2016-Feb-16 09:31:06.277599,"Put Call Parity, Sell Call and Buy Put and Buy the Stock and Sell Risk Free Bond",8.524644719919952
24,1.957,0.1547,0.0035,1.8,2016-Feb-16 09:31:06.277629,"Put Call Parity, Sell Call and Buy Put and Buy the Stock and Sell Risk Free Bond",8.524644719919952
25,1.957,0.0243,0.072,2.0,2016-Feb-16 09:31:06.788770,"Put Call Parity, Sell Call and Buy Put and Buy the Stock and Sell Risk Free Bond",17.771988462320888
26,1.957,0.0411,0.0397,1.95,2016-Feb-16 09:31:06.788786,"Put Call Parity, Sell Call and Buy Put and Buy the Stock and Sell Risk Free Bond",9.21015252672058
27,1.957,0.0411,0.0397,1.95,2016-Feb-16 09:31:06.788816,"Put Call Parity, Sell Call and Buy Put and Buy the Stock and Sell Risk Free Bond",9.21015252672058
28,1.957,0.1547,0.0035,1.8,2016-Feb-16 09:31:06.788979,"Put Call Parity, Sell Call and Buy Put and Buy the Stock and Sell Risk Free Bond",8.524644719919952
29,1.957,0.1547,0.0035,1.8,2016-Feb-16 09:31:06.789157,"Put Call Parity, Sell Call and Buy Put and Buy the Stock and Sell Risk Free Bond",8.524644719919952
30,1.957,0.0227,0.072,2.0,2016-Feb-16 09:31:07.268641,"Put Call Parity, Sell Call and Buy Put and Buy the Stock and Sell Risk Free Bond",1.7719884623208477
31,1.957,0.0411,0.0397,1.95,2016-Feb-16 09:31:07.268659,"Put Call Parity, Sell Call and Buy Put and Buy the Stock and Sell Risk Free Bond",9.21015252672058
32,1.957,0.0411,0.0397,1.95,2016-Feb-16 09:31:07.268706,"Put Call Parity, Sell Call and Buy Put and Buy the Stock and Sell Risk Free Bond",9.21015252672058
33,1.957,0.1547,0.0035,1.8,2016-Feb-16 09:31:07.268892,"Put Call Parity, Sell Call and Buy Put and Buy the Stock and Sell Risk Free Bond",8.524644719919952
34,1.957,0.1547,0.0036,1.8,2016-Feb-16 09:31:07.268914,"Put Call Parity, Sell Call and Buy Put and Buy the Stock and Sell Risk Free Bond",7.524644719920063
35,1.957,0.0227,0.072,2.0,2016-Feb-16 09:31:07.806206,"Put Call Parity, Sell Call and Buy Put and Buy the Stock and Sell Risk Free Bond",1.7719884623208477
36,1.957,0.0411,0.0397,1.95,2016-Feb-16 09:31:07.806229,"Put Call Parity, Sell Call and Buy Put and Buy the Stock and Sell Risk Free Bond",9.21015252672058
37,1.957,0.1547,0.0036,1.8,2016-Feb-16 09:31:07.806282,"Put Call Parity, Sell Call and Buy Put and Buy the Stock and Sell Risk Free Bond",7.524644719920063
38,1.957,0.0227,0.072,2.0,2016-Feb-16 09:31:08.210341,"Put Call Parity, Sell Call and Buy Put and Buy the Stock and Sell Risk Free Bond",1.7719884623208477
39,1.957,0.0411,0.0397,1.95,2016-Feb-16 09:31:08.210363,"Put Call Parity, Sell Call and Buy Put and Buy the Stock and Sell Risk Free Bond",9.21015252672058
40,1.957,0.0411,0.0406,1.95,2016-Feb-16 09:31:08.210460,"Put Call Parity, Sell Call and Buy Put and Buy the Stock and Sell Risk Free Bond",0.21015252672060036
41,1.957,0.1547,0.0036,1.8,2016-Feb-16 09:31:08.210967,"Put Call Parity, Sell Call and Buy Put and Buy the Stock and Sell Risk Free Bond",7.524644719920063
42,1.957,0.0411,0.0406,1.95,2016-Feb-16 09:31:08.709271,"Put Call Parity, Sell Call and Buy Put and Buy the Stock and Sell Risk Free Bond",0.21015252672060036
43,1.957,0.0411,0.0387,1.95,2016-Feb-16 09:31:08.709318,"Put Call Parity, Sell Call and Buy Put and Buy the Stock and Sell Risk Free Bond",19.210152526720588
44,1.957,0.1547,0.0036,1.8,2016-Feb-16 09:31:08.709488,"Put Call Parity, Sell Call and Buy Put and Buy the Stock and Sell Risk Free Bond",7.524644719920063
45,1.958,0.0227,0.071,2.0,2016-Feb-16 09:31:14.823293,"Put Call Parity, Sell Call and Buy Put and Buy the Stock and Sell Risk Free Bond",1.815728140932113
46,1.958,0.0227,0.071,2.0,2016-Feb-16 09:31:15.936352,"Put Call Parity, Sell Call and Buy Put and Buy the Stock and Sell Risk Free Bond",1.815728140932113
47,1.958,0.0227,0.071,2.0,2016-Feb-16 09:31:15.936376,"Put Call Parity, Sell Call and Buy Put and Buy the Stock and Sell Risk Free Bond",1.815728140932113
48,1.958,0.0227,0.071,2.0,2016-Feb-16 09:31:16.420779,"Put Call Parity, Sell Call and Buy Put and Buy the Stock and Sell Risk Free Bond",1.815728140932113
49,1.958,0.0227,0.071,2.0,2016-Feb-16 09:31:16.420839,"Put Call Parity, Sell Call and Buy Put and Buy the Stock and Sell Risk Free Bond",1.815728140932113
50,1.958,0.0227,0.071,2.0,2016-Feb-16 09:31:17.435308,"Put Call Parity, Sell Call and Buy Put and Buy the Stock and Sell Risk Free Bond",1.815728140932113
51,1.958,0.0227,0.071,2.0,2016-Feb-16 09:31:17.879939,"Put Call Parity, Sell Call and Buy Put and Buy the Stock and Sell Risk Free Bond",1.815728140932113
52,1.958,0.0227,0.071,2.0,2016-Feb-16 09:31:17.879972,"Put Call Parity, Sell Call and Buy Put and Buy the Stock and Sell Risk Free Bond",1.815728140932113
53,1.958,0.1555,0.0035,1.8,2016-Feb-16 09:31:17.880512,"Put Call Parity, Sell Call and Buy Put and Buy the Stock and Sell Risk Free Bond",6.568384398531161
54,1.958,0.0227,0.071,2.0,2016-Feb-16 09:31:19.803121,"Put Call Parity, Sell Call and Buy Put and Buy the Stock and Sell Risk Free Bond",1.815728140932113
55,1.958,0.0227,0.071,2.0,2016-Feb-16 09:31:21.792518,"Put Call Parity, Sell Call and Buy Put and Buy the Stock and Sell Risk Free Bond",1.815728140932113
56,1.958,0.0227,0.071,2.0,2016-Feb-16 09:31:22.299188,"Put Call Parity, Sell Call and Buy Put and Buy the Stock and Sell Risk Free Bond",1.815728140932113
57,1.958,0.1555,0.0035,1.8,2016-Feb-16 09:31:22.299702,"Put Call Parity, Sell Call and Buy Put and Buy the Stock and Sell Risk Free Bond",6.568384398531161
58,1.958,0.0227,0.071,2.0,2016-Feb-16 09:31:22.846479,"Put Call Parity, Sell Call and Buy Put and Buy the Stock and Sell Risk Free Bond",1.815728140932113
59,1.958,0.1555,0.0035,1.8,2016-Feb-16 09:31:22.846662,"Put Call Parity, Sell Call and Buy Put and Buy the Stock and Sell Risk Free Bond",6.568384398531161
60,1.958,0.0227,0.071,2.0,2016-Feb-16 09:31:23.326774,"Put Call Parity, Sell Call and Buy Put and Buy the Stock and Sell Risk Free Bond",1.815728140932113
61,1.958,0.0227,0.071,2.0,2016-Feb-16 09:31:23.326824,"Put Call Parity, Sell Call and Buy Put and Buy the Stock and Sell Risk Free Bond",1.815728140932113
62,1.958,0.1555,0.0035,1.8,2016-Feb-16 09:31:27.280431,"Put Call Parity, Sell Call and Buy Put and Buy the Stock and Sell Risk Free Bond",6.568384398531161
63,1.958,0.0227,0.071,2.0,2016-Feb-16 09:31:29.854829,"Put Call Parity, Sell Call and Buy Put and Buy the Stock and Sell Risk Free Bond",1.815728140932113
64,1.958,0.0227,0.071,2.0,2016-Feb-16 09:31:29.854877,"Put Call Parity, Sell Call and Buy Put and Buy the Stock and Sell Risk Free Bond",1.815728140932113
65,1.958,0.1555,0.0035,1.8,2016-Feb-16 09:31:29.855136,"Put Call Parity, Sell Call and Buy Put and Buy the Stock and Sell Risk Free Bond",6.568384398531161
66,1.958,0.0227,0.071,2.0,2016-Feb-16 09:31:30.348002,"Put Call Parity, Sell Call and Buy Put and Buy the Stock and Sell Risk Free Bond",1.815728140932113
67,1.958,0.1555,0.0035,1.8,2016-Feb-16 09:31:30.348371,"Put Call Parity, Sell Call and Buy Put and Buy the Stock and Sell Risk Free Bond",6.568384398531161
68,1.958,0.1555,0.0035,1.8,2016-Feb-16 09:31:30.847318,"Put Call Parity, Sell Call and Buy Put and Buy the Stock and Sell Risk Free Bond",6.568384398531161
69,1.958,0.1555,0.0035,1.8,2016-Feb-16 09:31:30.847359,"Put Call Parity, Sell Call and Buy Put and Buy the Stock and Sell Risk Free Bond",6.568384398531161
70,1.958,0.0239,0.071,2.0,2016-Feb-16 09:31:31.359553,"Put Call Parity, Sell Call and Buy Put and Buy the Stock and Sell Risk Free Bond",13.81572814093218
71,1.958,0.0239,0.071,2.0,2016-Feb-16 09:31:31.359600,"Put Call Parity, Sell Call and Buy Put and Buy the Stock and Sell Risk Free Bond",13.81572814093218
72,1.958,0.0227,0.071,2.0,2016-Feb-16 09:31:31.868921,"Put Call Parity, Sell Call and Buy Put and Buy the Stock and Sell Risk Free Bond",1.815728140932113
73,1.958,0.0227,0.071,2.0,2016-Feb-16 09:31:31.868939,"Put Call Parity, Sell Call and Buy Put and Buy the Stock and Sell Risk Free Bond",1.815728140932113
74,1.958,0.0227,0.071,2.0,2016-Feb-16 09:31:32.349281,"Put Call Parity, Sell Call and Buy Put and Buy the Stock and Sell Risk Free Bond",1.815728140932113
75,1.958,0.0227,0.071,2.0,2016-Feb-16 09:31:32.895106,"Put Call Parity, Sell Call and Buy Put and Buy the Stock and Sell Risk Free Bond",1.815728140932113
76,1.958,0.0227,0.071,2.0,2016-Feb-16 09:31:32.895158,"Put Call Parity, Sell Call and Buy Put and Buy the Stock and Sell Risk Free Bond",1.815728140932113
77,1.958,0.0227,0.071,2.0,2016-Feb-16 09:31:33.297414,"Put Call Parity, Sell Call and Buy Put and Buy the Stock and Sell Risk Free Bond",1.815728140932113
78,1.958,0.0227,0.071,2.0,2016-Feb-16 09:31:33.807360,"Put Call Parity, Sell Call and Buy Put and Buy the Stock and Sell Risk Free Bond",1.815728140932113
79,1.958,0.1555,0.0035,1.8,2016-Feb-16 09:31:33.807449,"Put Call Parity, Sell Call and Buy Put and Buy the Stock and Sell Risk Free Bond",6.568384398531161
80,1.958,0.0227,0.071,2.0,2016-Feb-16 09:31:34.851582,"Put Call Parity, Sell Call and Buy Put and Buy the Stock and Sell Risk Free Bond",1.815728140932113
81,1.958,0.0227,0.071,2.0,2016-Feb-16 09:31:34.851631,"Put Call Parity, Sell Call and Buy Put and Buy the Stock and Sell Risk Free Bond",1.815728140932113
82,1.958,0.0227,0.071,2.0,2016-Feb-16 09:31:35.327082,"Put Call Parity, Sell Call and Buy Put and Buy the Stock and Sell Risk Free Bond",1.815728140932113
83,1.958,0.1555,0.0035,1.8,2016-Feb-16 09:31:36.326757,"Put Call Parity, Sell Call and Buy Put and Buy the Stock and Sell Risk Free Bond",6.568384398531161
84,1.958,0.0227,0.071,2.0,2016-Feb-16 09:31:38.362492,"Put Call Parity, Sell Call and Buy Put and Buy the Stock and Sell Risk Free Bond",1.815728140932113
85,1.958,0.0227,0.071,2.0,2016-Feb-16 09:31:38.362522,"Put Call Parity, Sell Call and Buy Put and Buy the Stock and Sell Risk Free Bond",1.815728140932113
86,1.958,0.1555,0.0035,1.8,2016-Feb-16 09:31:38.363306,"Put Call Parity, Sell Call and Buy Put and Buy the Stock and Sell Risk Free Bond",6.568384398531161
87,1.958,0.1555,0.0035,1.8,2016-Feb-16 09:31:38.363350,"Put Call Parity, Sell Call and Buy Put and Buy the Stock and Sell Risk Free Bond",6.568384398531161
88,1.958,0.0227,0.071,2.0,2016-Feb-16 09:31:39.932425,"Put Call Parity, Sell Call and Buy Put and Buy the Stock and Sell Risk Free Bond",1.815728140932113
89,1.958,0.0227,0.071,2.0,2016-Feb-16 09:31:40.836692,"Put Call Parity, Sell Call and Buy Put and Buy the Stock and Sell Risk Free Bond",1.815728140932113
90,1.958,0.0227,0.071,2.0,2016-Feb-16 09:31:41.303230,"Put Call Parity, Sell Call and Buy Put and Buy the Stock and Sell Risk Free Bond",1.815728140932113
91,1.959,0.0237,0.0692,2.0,2016-Feb-16 09:31:50.383507,"Put Call Parity, Sell Call and Buy Put and Buy the Stock and Sell Risk Free Bond",19.859467819541116
92,1.959,0.0227,0.0692,2.0,2016-Feb-16 09:31:50.872060,"Put Call Parity, Sell Call and Buy Put and Buy the Stock and Sell Risk Free Bond",9.85946781954111
93,1.956,0.0059,0.156,2.1,2016-Feb-16 09:31:54.839522,"Put Call Parity, Sell Call and Buy Put and Buy the Stock and Sell Risk Free Bond",2.851920654916543
94,1.956,0.0059,0.156,2.1,2016-Feb-16 09:31:54.839612,"Put Call Parity, Sell Call and Buy Put and Buy the Stock and Sell Risk Free Bond",2.851920654916543
95,1.956,0.0108,0.1111,2.05,2016-Feb-16 09:31:54.839669,"Put Call Parity, Sell Call and Buy Put and Buy the Stock and Sell Risk Free Bond",1.2900847193142138
96,1.956,0.0108,0.1111,2.05,2016-Feb-16 09:31:54.839691,"Put Call Parity, Sell Call and Buy Put and Buy the Stock and Sell Risk Free Bond",1.2900847193142138
97,1.956,0.0227,0.072,2.0,2016-Feb-16 09:31:54.839755,"Put Call Parity, Sell Call and Buy Put and Buy the Stock and Sell Risk Free Bond",11.728248783714033
98,1.956,0.0227,0.072,2.0,2016-Feb-16 09:31:54.839790,"Put Call Parity, Sell Call and Buy Put and Buy the Stock and Sell Risk Free Bond",11.728248783714033
99,1.956,0.1072,0.0078,1.85,2016-Feb-16 09:31:54.840051,"Put Call Parity, Sell Call and Buy Put and Buy the Stock and Sell Risk Free Bond",0.042740976913366424
100,1.956,0.1072,0.0078,1.85,2016-Feb-16 09:31:54.840095,"Put Call Parity, Sell Call and Buy Put and Buy the Stock and Sell Risk Free Bond",0.042740976913366424
101,1.956,0.1547,0.0034,1.8,2016-Feb-16 09:31:54.840144,"Put Call Parity, Sell Call and Buy Put and Buy the Stock and Sell Risk Free Bond",19.480905041313303
102,1.956,0.1547,0.0035,1.8,2016-Feb-16 09:31:54.840167,"Put Call Parity, Sell Call and Buy Put and Buy the Stock and Sell Risk Free Bond",18.480905041313136
103,1.956,0.0059,0.156,2.1,2016-Feb-16 09:31:55.361284,"Put Call Parity, Sell Call and Buy Put and Buy the Stock and Sell Risk Free Bond",2.851920654916543
104,1.956,0.0108,0.1111,2.05,2016-Feb-16 09:31:55.361333,"Put Call Parity, Sell Call and Buy Put and Buy the Stock and Sell Risk Free Bond",1.2900847193142138
105,1.956,0.0108,0.1111,2.05,2016-Feb-16 09:31:55.361351,"Put Call Parity, Sell Call and Buy Put and Buy the Stock and Sell Risk Free Bond",1.2900847193142138
106,1.956,0.0227,0.072,2.0,2016-Feb-16 09:31:55.361379,"Put Call Parity, Sell Call and Buy Put and Buy the Stock and Sell Risk Free Bond",11.728248783714033
107,1.956,0.0227,0.072,2.0,2016-Feb-16 09:31:55.361408,"Put Call Parity, Sell Call and Buy Put and Buy the Stock and Sell Risk Free Bond",11.728248783714033
108,1.956,0.1547,0.0035,1.8,2016-Feb-16 09:31:55.361657,"Put Call Parity, Sell Call and Buy Put and Buy the Stock and Sell Risk Free Bond",18.480905041313136
109,1.956,0.0236,0.072,2.0,2016-Feb-16 09:31:55.860469,"Put Call Parity, Sell Call and Buy Put and Buy the Stock and Sell Risk Free Bond",20.72824878371401
110,1.956,0.0236,0.0693,2.0,2016-Feb-16 09:31:55.860499,"Put Call Parity, Sell Call and Buy Put and Buy the Stock and Sell Risk Free Bond",47.72824878371396
111,1.956,0.1547,0.0027,1.8,2016-Feb-16 09:31:55.860899,"Put Call Parity, Sell Call and Buy Put and Buy the Stock and Sell Risk Free Bond",26.480905041313086
112,1.956,0.0108,0.1111,2.05,2016-Feb-16 09:31:56.343341,"Put Call Parity, Sell Call and Buy Put and Buy the Stock and Sell Risk Free Bond",1.2900847193142138
113,1.956,0.0236,0.0693,2.0,2016-Feb-16 09:31:56.343373,"Put Call Parity, Sell Call and Buy Put and Buy the Stock and Sell Risk Free Bond",47.72824878371396
114,1.956,0.0236,0.0693,2.0,2016-Feb-16 09:31:56.343551,"Put Call Parity, Sell Call and Buy Put and Buy the Stock and Sell Risk Free Bond",47.72824878371396
115,1.956,0.0711,0.0202,1.9,2016-Feb-16 09:31:56.343657,"Put Call Parity, Sell Call and Buy Put and Buy the Stock and Sell Risk Free Bond",14.604576912511348
116,1.956,0.0711,0.0202,1.9,2016-Feb-16 09:31:56.343703,"Put Call Parity, Sell Call and Buy Put and Buy the Stock and Sell Risk Free Bond",14.604576912511348
117,1.956,0.1547,0.0035,1.8,2016-Feb-16 09:31:56.343731,"Put Call Parity, Sell Call and Buy Put and Buy the Stock and Sell Risk Free Bond",18.480905041313136
118,1.956,0.0227,0.0693,2.0,2016-Feb-16 09:31:56.849370,"Put Call Parity, Sell Call and Buy Put and Buy the Stock and Sell Risk Free Bond",38.72824878371397
119,1.956,0.0227,0.072,2.0,2016-Feb-16 09:31:56.849401,"Put Call Parity, Sell Call and Buy Put and Buy the Stock and Sell Risk Free Bond",11.728248783714033
120,1.956,0.0711,0.0202,1.9,2016-Feb-16 09:31:56.849470,"Put Call Parity, Sell Call and Buy Put and Buy the Stock and Sell Risk Free Bond",14.604576912511348
121,1.956,0.1547,0.0035,1.8,2016-Feb-16 09:31:56.849502,"Put Call Parity, Sell Call and Buy Put and Buy the Stock and Sell Risk Free Bond",18.480905041313136
122,1.956,0.1072,0.0078,1.85,2016-Feb-16 09:31:57.337897,"Put Call Parity, Sell Call and Buy Put and Buy the Stock and Sell Risk Free Bond",0.042740976913366424
123,1.956,0.0711,0.0202,1.9,2016-Feb-16 09:31:57.337994,"Put Call Parity, Sell Call and Buy Put and Buy the Stock and Sell Risk Free Bond",14.604576912511348
124,1.956,0.1547,0.0035,1.8,2016-Feb-16 09:31:57.338052,"Put Call Parity, Sell Call and Buy Put and Buy the Stock and Sell Risk Free Bond",18.480905041313136
125,1.956,0.0227,0.072,2.0,2016-Feb-16 09:31:57.890513,"Put Call Parity, Sell Call and Buy Put and Buy the Stock and Sell Risk Free Bond",11.728248783714033
126,1.956,0.0227,0.072,2.0,2016-Feb-16 09:31:57.890534,"Put Call Parity, Sell Call and Buy Put and Buy the Stock and Sell Risk Free Bond",11.728248783714033
127,1.956,0.0711,0.0202,1.9,2016-Feb-16 09:31:57.890632,"Put Call Parity, Sell Call and Buy Put and Buy the Stock and Sell Risk Free Bond",14.604576912511348
128,1.956,0.1547,0.0035,1.8,2016-Feb-16 09:31:57.890660,"Put Call Parity, Sell Call and Buy Put and Buy the Stock and Sell Risk Free Bond",18.480905041313136
129,1.956,0.0227,0.072,2.0,2016-Feb-16 09:31:58.401011,"Put Call Parity, Sell Call and Buy Put and Buy the Stock and Sell Risk Free Bond",11.728248783714033
130,1.956,0.0227,0.072,2.0,2016-Feb-16 09:31:58.401074,"Put Call Parity, Sell Call and Buy Put and Buy the Stock and Sell Risk Free Bond",11.728248783714033
131,1.956,0.1072,0.0078,1.85,2016-Feb-16 09:31:58.401305,"Put Call Parity, Sell Call and Buy Put and Buy the Stock and Sell Risk Free Bond",0.042740976913366424
132,1.956,0.155,0.0035,1.8,2016-Feb-16 09:31:58.401420,"Put Call Parity, Sell Call and Buy Put and Buy the Stock and Sell Risk Free Bond",21.480905041313083
133,1.956,0.155,0.0035,1.8,2016-Feb-16 09:31:58.401457,"Put Call Parity, Sell Call and Buy Put and Buy the Stock and Sell Risk Free Bond",21.480905041313083
134,1.956,0.0227,0.072,2.0,2016-Feb-16 09:31:58.885089,"Put Call Parity, Sell Call and Buy Put and Buy the Stock and Sell Risk Free Bond",11.728248783714033
135,1.957,0.0227,0.072,2.0,2016-Feb-16 09:31:59.936870,"Put Call Parity, Sell Call and Buy Put and Buy the Stock and Sell Risk Free Bond",1.7719884623208477
136,1.957,0.0227,0.072,2.0,2016-Feb-16 09:31:59.936961,"Put Call Parity, Sell Call and Buy Put and Buy the Stock and Sell Risk Free Bond",1.7719884623208477
137,1.957,0.155,0.0035,1.8,2016-Feb-16 09:31:59.937279,"Put Call Parity, Sell Call and Buy Put and Buy the Stock and Sell Risk Free Bond",11.524644719919898
138,1.957,0.155,0.0035,1.8,2016-Feb-16 09:31:59.937296,"Put Call Parity, Sell Call and Buy Put and Buy the Stock and Sell Risk Free Bond",11.524644719919898
139,1.957,0.0242,0.072,2.0,2016-Feb-16 09:32:00.430916,"Put Call Parity, Sell Call and Buy Put and Buy the Stock and Sell Risk Free Bond",16.77198846232086
140,1.957,0.0242,0.069,2.0,2016-Feb-16 09:32:00.430964,"Put Call Parity, Sell Call and Buy Put and Buy the Stock and Sell Risk Free Bond",46.77198846232075
141,1.957,0.155,0.0035,1.8,2016-Feb-16 09:32:00.431274,"Put Call Parity, Sell Call and Buy Put and Buy the Stock and Sell Risk Free Bond",11.524644719919898
142,1.957,0.0227,0.069,2.0,2016-Feb-16 09:32:00.907616,"Put Call Parity, Sell Call and Buy Put and Buy the Stock and Sell Risk Free Bond",31.77198846232073
143,1.957,0.0227,0.072,2.0,2016-Feb-16 09:32:00.907632,"Put Call Parity, Sell Call and Buy Put and Buy the Stock and Sell Risk Free Bond",1.7719884623208477
144,1.957,0.155,0.0035,1.8,2016-Feb-16 09:32:00.907981,"Put Call Parity, Sell Call and Buy Put and Buy the Stock and Sell Risk Free Bond",11.524644719919898
145,1.957,0.011,0.1102,2.05,2016-Feb-16 09:32:01.414787,"Put Call Parity, Sell Call and Buy Put and Buy the Stock and Sell Risk Free Bond",2.333824397920928
146,1.957,0.0227,0.072,2.0,2016-Feb-16 09:32:01.414834,"Put Call Parity, Sell Call and Buy Put and Buy the Stock and Sell Risk Free Bond",1.7719884623208477
147,1.957,0.0227,0.071,2.0,2016-Feb-16 09:32:01.414861,"Put Call Parity, Sell Call and Buy Put and Buy the Stock and Sell Risk Free Bond",11.771988462320856
148,1.957,0.155,0.0034,1.8,2016-Feb-16 09:32:01.415180,"Put Call Parity, Sell Call and Buy Put and Buy the Stock and Sell Risk Free Bond",12.524644719920065
149,1.957,0.011,0.1102,2.05,2016-Feb-16 09:32:01.934875,"Put Call Parity, Sell Call and Buy Put and Buy the Stock and Sell Risk Free Bond",2.333824397920928
150,1.957,0.0227,0.071,2.0,2016-Feb-16 09:32:01.934924,"Put Call Parity, Sell Call and Buy Put and Buy the Stock and Sell Risk Free Bond",11.771988462320856
151,1.957,0.0227,0.071,2.0,2016-Feb-16 09:32:01.934944,"Put Call Parity, Sell Call and Buy Put and Buy the Stock and Sell Risk Free Bond",11.771988462320856
152,1.957,0.043,0.0418,1.95,2016-Feb-16 09:32:01.934960,"Put Call Parity, Sell Call and Buy Put and Buy the Stock and Sell Risk Free Bond",7.210152526720592
153,1.957,0.043,0.0406,1.95,2016-Feb-16 09:32:01.934976,"Put Call Parity, Sell Call and Buy Put and Buy the Stock and Sell Risk Free Bond",19.210152526720588
154,1.957,0.155,0.0034,1.8,2016-Feb-16 09:32:01.935212,"Put Call Parity, Sell Call and Buy Put and Buy the Stock and Sell Risk Free Bond",12.524644719920065
155,1.957,0.011,0.1102,2.05,2016-Feb-16 09:32:02.420938,"Put Call Parity, Sell Call and Buy Put and Buy the Stock and Sell Risk Free Bond",2.333824397920928
156,1.957,0.0227,0.071,2.0,2016-Feb-16 09:32:02.420956,"Put Call Parity, Sell Call and Buy Put and Buy the Stock and Sell Risk Free Bond",11.771988462320856
157,1.957,0.0227,0.0709,2.0,2016-Feb-16 09:32:02.420978,"Put Call Parity, Sell Call and Buy Put and Buy the Stock and Sell Risk Free Bond",12.771988462320746
158,1.957,0.0412,0.0406,1.95,2016-Feb-16 09:32:02.420997,"Put Call Parity, Sell Call and Buy Put and Buy the Stock and Sell Risk Free Bond",1.2101525267206288
159,1.957,0.011,0.1102,2.05,2016-Feb-16 09:32:02.969093,"Put Call Parity, Sell Call and Buy Put and Buy the Stock and Sell Risk Free Bond",2.333824397920928
160,1.957,0.0227,0.0709,2.0,2016-Feb-16 09:32:02.969122,"Put Call Parity, Sell Call and Buy Put and Buy the Stock and Sell Risk Free Bond",12.771988462320746
161,1.957,0.0227,0.071,2.0,2016-Feb-16 09:32:02.969138,"Put Call Parity, Sell Call and Buy Put and Buy the Stock and Sell Risk Free Bond",11.771988462320856
162,1.957,0.0412,0.0406,1.95,2016-Feb-16 09:32:02.969153,"Put Call Parity, Sell Call and Buy Put and Buy the Stock and Sell Risk Free Bond",1.2101525267206288
163,1.957,0.0412,0.0406,1.95,2016-Feb-16 09:32:02.969191,"Put Call Parity, Sell Call and Buy Put and Buy the Stock and Sell Risk Free Bond",1.2101525267206288
164,1.957,0.011,0.1102,2.05,2016-Feb-16 09:32:03.442554,"Put Call Parity, Sell Call and Buy Put and Buy the Stock and Sell Risk Free Bond",2.333824397920928
165,1.957,0.0227,0.071,2.0,2016-Feb-16 09:32:03.442582,"Put Call Parity, Sell Call and Buy Put and Buy the Stock and Sell Risk Free Bond",11.771988462320856
166,1.957,0.0227,0.071,2.0,2016-Feb-16 09:32:03.442607,"Put Call Parity, Sell Call and Buy Put and Buy the Stock and Sell Risk Free Bond",11.771988462320856
167,1.957,0.0412,0.0406,1.95,2016-Feb-16 09:32:03.442632,"Put Call Parity, Sell Call and Buy Put and Buy the Stock and Sell Risk Free Bond",1.2101525267206288
168,1.957,0.0412,0.0406,1.95,2016-Feb-16 09:32:03.442650,"Put Call Parity, Sell Call and Buy Put and Buy the Stock and Sell Risk Free Bond",1.2101525267206288
169,1.957,0.011,0.1102,2.05,2016-Feb-16 09:32:03.947019,"Put Call Parity, Sell Call and Buy Put and Buy the Stock and Sell Risk Free Bond",2.333824397920928
170,1.957,0.0242,0.071,2.0,2016-Feb-16 09:32:03.947067,"Put Call Parity, Sell Call and Buy Put and Buy the Stock and Sell Risk Free Bond",26.77198846232087
171,1.957,0.0242,0.0707,2.0,2016-Feb-16 09:32:03.947107,"Put Call Parity, Sell Call and Buy Put and Buy the Stock and Sell Risk Free Bond",29.771988462320817
172,1.957,0.0412,0.0406,1.95,2016-Feb-16 09:32:03.947230,"Put Call Parity, Sell Call and Buy Put and Buy the Stock and Sell Risk Free Bond",1.2101525267206288
173,1.957,0.0412,0.0406,1.95,2016-Feb-16 09:32:03.947264,"Put Call Parity, Sell Call and Buy Put and Buy the Stock and Sell Risk Free Bond",1.2101525267206288
174,1.957,0.155,0.0034,1.8,2016-Feb-16 09:32:03.947475,"Put Call Parity, Sell Call and Buy Put and Buy the Stock and Sell Risk Free Bond",12.524644719920065
175,1.958,0.0242,0.0707,2.0,2016-Feb-16 09:32:04.994181,"Put Call Parity, Sell Call and Buy Put and Buy the Stock and Sell Risk Free Bond",19.815728140932073
176,1.958,0.0242,0.0707,2.0,2016-Feb-16 09:32:04.994215,"Put Call Parity, Sell Call and Buy Put and Buy the Stock and Sell Risk Free Bond",19.815728140932073
177,1.958,0.155,0.0034,1.8,2016-Feb-16 09:32:04.994400,"Put Call Parity, Sell Call and Buy Put and Buy the Stock and Sell Risk Free Bond",2.5683843985313235
178,1.958,0.0242,0.0707,2.0,2016-Feb-16 09:32:05.378435,"Put Call Parity, Sell Call and Buy Put and Buy the Stock and Sell Risk Free Bond",19.815728140932073
179,1.958,0.0242,0.0707,2.0,2016-Feb-16 09:32:05.378499,"Put Call Parity, Sell Call and Buy Put and Buy the Stock and Sell Risk Free Bond",19.815728140932073
180,1.958,0.155,0.0034,1.8,2016-Feb-16 09:32:05.378649,"Put Call Parity, Sell Call and Buy Put and Buy the Stock and Sell Risk Free Bond",2.5683843985313235
181,1.958,0.0242,0.0707,2.0,2016-Feb-16 09:32:05.898176,"Put Call Parity, Sell Call and Buy Put and Buy the Stock and Sell Risk Free Bond",19.815728140932073
182,1.958,0.155,0.0034,1.8,2016-Feb-16 09:32:05.898471,"Put Call Parity, Sell Call and Buy Put and Buy the Stock and Sell Risk Free Bond",2.5683843985313235
183,1.958,0.155,0.0035,1.8,2016-Feb-16 09:32:05.898499,"Put Call Parity, Sell Call and Buy Put and Buy the Stock and Sell Risk Free Bond",1.5683843985311556
184,1.958,0.0246,0.0707,2.0,2016-Feb-16 09:32:06.402904,"Put Call Parity, Sell Call and Buy Put and Buy the Stock and Sell Risk Free Bond",23.81572814093205
185,1.958,0.0246,0.0689,2.0,2016-Feb-16 09:32:06.403021,"Put Call Parity, Sell Call and Buy Put and Buy the Stock and Sell Risk Free Bond",41.81572814093201
186,1.958,0.155,0.0035,1.8,2016-Feb-16 09:32:06.403243,"Put Call Parity, Sell Call and Buy Put and Buy the Stock and Sell Risk Free Bond",1.5683843985311556
187,1.958,0.155,0.0035,1.8,2016-Feb-16 09:32:06.403261,"Put Call Parity, Sell Call and Buy Put and Buy the Stock and Sell Risk Free Bond",1.5683843985311556
188,1.958,0.0246,0.0689,2.0,2016-Feb-16 09:32:06.903602,"Put Call Parity, Sell Call and Buy Put and Buy the Stock and Sell Risk Free Bond",41.81572814093201
189,1.958,0.0246,0.0689,2.0,2016-Feb-16 09:32:06.903631,"Put Call Parity, Sell Call and Buy Put and Buy the Stock and Sell Risk Free Bond",41.81572814093201
190,1.958,0.0246,0.0689,2.0,2016-Feb-16 09:32:07.386629,"Put Call Parity, Sell Call and Buy Put and Buy the Stock and Sell Risk Free Bond",41.81572814093201
191,1.958,0.0246,0.0689,2.0,2016-Feb-16 09:32:07.386664,"Put Call Parity, Sell Call and Buy Put and Buy the Stock and Sell Risk Free Bond",41.81572814093201
192,1.958,0.155,0.0035,1.8,2016-Feb-16 09:32:07.387005,"Put Call Parity, Sell Call and Buy Put and Buy the Stock and Sell Risk Free Bond",1.5683843985311556
193,1.958,0.155,0.0035,1.8,2016-Feb-16 09:32:07.387060,"Put Call Parity, Sell Call and Buy Put and Buy the Stock and Sell Risk Free Bond",1.5683843985311556
194,1.958,0.0246,0.0689,2.0,2016-Feb-16 09:32:07.903756,"Put Call Parity, Sell Call and Buy Put and Buy the Stock and Sell Risk Free Bond",41.81572814093201
195,1.958,0.0246,0.0689,2.0,2016-Feb-16 09:32:07.903789,"Put Call Parity, Sell Call and Buy Put and Buy the Stock and Sell Risk Free Bond",41.81572814093201
196,1.958,0.1108,0.0078,1.85,2016-Feb-16 09:32:07.903904,"Put Call Parity, Sell Call and Buy Put and Buy the Stock and Sell Risk Free Bond",16.13022033413136
197,1.958,0.1108,0.0082,1.85,2016-Feb-16 09:32:07.903923,"Put Call Parity, Sell Call and Buy Put and Buy the Stock and Sell Risk Free Bond",12.130220334131383
198,1.958,0.155,0.0035,1.8,2016-Feb-16 09:32:07.903948,"Put Call Parity, Sell Call and Buy Put and Buy the Stock and Sell Risk Free Bond",1.5683843985311556
199,1.958,0.155,0.0034,1.8,2016-Feb-16 09:32:07.903971,"Put Call Parity, Sell Call and Buy Put and Buy the Stock and Sell Risk Free Bond",2.5683843985313235
200,1.958,0.0246,0.0689,2.0,2016-Feb-16 09:32:08.420775,"Put Call Parity, Sell Call and Buy Put and Buy the Stock and Sell Risk Free Bond",41.81572814093201
201,1.958,0.0246,0.071,2.0,2016-Feb-16 09:32:08.420818,"Put Call Parity, Sell Call and Buy Put and Buy the Stock and Sell Risk Free Bond",20.8157281409321
202,1.958,0.1108,0.0082,1.85,2016-Feb-16 09:32:08.420879,"Put Call Parity, Sell Call and Buy Put and Buy the Stock and Sell Risk Free Bond",12.130220334131383
203,1.958,0.155,0.0034,1.8,2016-Feb-16 09:32:08.421072,"Put Call Parity, Sell Call and Buy Put and Buy the Stock and Sell Risk Free Bond",2.5683843985313235
204,1.958,0.0237,0.071,2.0,2016-Feb-16 09:32:08.933354,"Put Call Parity, Sell Call and Buy Put and Buy the Stock and Sell Risk Free Bond",11.815728140932123
205,1.958,0.0237,0.071,2.0,2016-Feb-16 09:32:08.933392,"Put Call Parity, Sell Call and Buy Put and Buy the Stock and Sell Risk Free Bond",11.815728140932123
206,1.958,0.0422,0.0406,1.95,2016-Feb-16 09:32:08.933464,"Put Call Parity, Sell Call and Buy Put and Buy the Stock and Sell Risk Free Bond",1.2538922053318942
207,1.958,0.0422,0.0406,1.95,2016-Feb-16 09:32:08.933507,"Put Call Parity, Sell Call and Buy Put and Buy the Stock and Sell Risk Free Bond",1.2538922053318942
208,1.958,0.1108,0.0082,1.85,2016-Feb-16 09:32:08.933751,"Put Call Parity, Sell Call and Buy Put and Buy the Stock and Sell Risk Free Bond",12.130220334131383
209,1.958,0.155,0.0034,1.8,2016-Feb-16 09:32:08.933808,"Put Call Parity, Sell Call and Buy Put and Buy the Stock and Sell Risk Free Bond",2.5683843985313235
210,1.957,0.011,0.1102,2.05,2016-Feb-16 09:32:09.986978,"Put Call Parity, Sell Call and Buy Put and Buy the Stock and Sell Risk Free Bond",2.333824397920928
211,1.957,0.011,0.1102,2.05,2016-Feb-16 09:32:09.987024,"Put Call Parity, Sell Call and Buy Put and Buy the Stock and Sell Risk Free Bond",2.333824397920928
212,1.957,0.0237,0.071,2.0,2016-Feb-16 09:32:09.987076,"Put Call Parity, Sell Call and Buy Put and Buy the Stock and Sell Risk Free Bond",21.771988462320866
213,1.957,0.0237,0.071,2.0,2016-Feb-16 09:32:09.987198,"Put Call Parity, Sell Call and Buy Put and Buy the Stock and Sell Risk Free Bond",21.771988462320866
214,1.957,0.0422,0.0406,1.95,2016-Feb-16 09:32:09.987229,"Put Call Parity, Sell Call and Buy Put and Buy the Stock and Sell Risk Free Bond",11.210152526720638
215,1.957,0.0422,0.0406,1.95,2016-Feb-16 09:32:09.987252,"Put Call Parity, Sell Call and Buy Put and Buy the Stock and Sell Risk Free Bond",11.210152526720638
216,1.957,0.155,0.0034,1.8,2016-Feb-16 09:32:09.987372,"Put Call Parity, Sell Call and Buy Put and Buy the Stock and Sell Risk Free Bond",12.524644719920065
217,1.957,0.155,0.0034,1.8,2016-Feb-16 09:32:09.987419,"Put Call Parity, Sell Call and Buy Put and Buy the Stock and Sell Risk Free Bond",12.524644719920065
218,1.957,0.011,0.1102,2.05,2016-Feb-16 09:32:10.478828,"Put Call Parity, Sell Call and Buy Put and Buy the Stock and Sell Risk Free Bond",2.333824397920928
219,1.957,0.0236,0.071,2.0,2016-Feb-16 09:32:10.478856,"Put Call Parity, Sell Call and Buy Put and Buy the Stock and Sell Risk Free Bond",20.771988462320838
220,1.957,0.0236,0.071,2.0,2016-Feb-16 09:32:10.478912,"Put Call Parity, Sell Call and Buy Put and Buy the Stock and Sell Risk Free Bond",20.771988462320838
221,1.957,0.0422,0.0406,1.95,2016-Feb-16 09:32:10.478964,"Put Call Parity, Sell Call and Buy Put and Buy the Stock and Sell Risk Free Bond",11.210152526720638
222,1.957,0.155,0.0034,1.8,2016-Feb-16 09:32:10.479082,"Put Call Parity, Sell Call and Buy Put and Buy the Stock and Sell Risk Free Bond",12.524644719920065
223,1.957,0.0233,0.071,2.0,2016-Feb-16 09:32:10.972107,"Put Call Parity, Sell Call and Buy Put and Buy the Stock and Sell Risk Free Bond",17.771988462320888
224,1.957,0.0422,0.0406,1.95,2016-Feb-16 09:32:10.972139,"Put Call Parity, Sell Call and Buy Put and Buy the Stock and Sell Risk Free Bond",11.210152526720638
225,1.957,0.0233,0.071,2.0,2016-Feb-16 09:32:11.458225,"Put Call Parity, Sell Call and Buy Put and Buy the Stock and Sell Risk Free Bond",17.771988462320888
226,1.957,0.0422,0.0406,1.95,2016-Feb-16 09:32:11.458384,"Put Call Parity, Sell Call and Buy Put and Buy the Stock and Sell Risk Free Bond",11.210152526720638
227,1.957,0.0422,0.0406,1.95,2016-Feb-16 09:32:11.458407,"Put Call Parity, Sell Call and Buy Put and Buy the Stock and Sell Risk Free Bond",11.210152526720638
228,1.957,0.0232,0.071,2.0,2016-Feb-16 09:32:11.988734,"Put Call Parity, Sell Call and Buy Put and Buy the Stock and Sell Risk Free Bond",16.77198846232086
229,1.957,0.0422,0.0406,1.95,2016-Feb-16 09:32:11.988758,"Put Call Parity, Sell Call and Buy Put and Buy the Stock and Sell Risk Free Bond",11.210152526720638
230,1.957,0.155,0.0034,1.8,2016-Feb-16 09:32:11.988808,"Put Call Parity, Sell Call and Buy Put and Buy the Stock and Sell Risk Free Bond",12.524644719920065
231,1.957,0.155,0.0026,1.8,2016-Feb-16 09:32:11.988823,"Put Call Parity, Sell Call and Buy Put and Buy the Stock and Sell Risk Free Bond",20.52464471992002
232,1.957,0.0232,0.071,2.0,2016-Feb-16 09:32:12.462039,"Put Call Parity, Sell Call and Buy Put and Buy the Stock and Sell Risk Free Bond",16.77198846232086
233,1.957,0.0422,0.0406,1.95,2016-Feb-16 09:32:12.462078,"Put Call Parity, Sell Call and Buy Put and Buy the Stock and Sell Risk Free Bond",11.210152526720638
234,1.957,0.0422,0.0406,1.95,2016-Feb-16 09:32:12.462106,"Put Call Parity, Sell Call and Buy Put and Buy the Stock and Sell Risk Free Bond",11.210152526720638
235,1.957,0.155,0.0034,1.8,2016-Feb-16 09:32:12.462219,"Put Call Parity, Sell Call and Buy Put and Buy the Stock and Sell Risk Free Bond",12.524644719920065
236,1.957,0.0232,0.071,2.0,2016-Feb-16 09:32:12.909630,"Put Call Parity, Sell Call and Buy Put and Buy the Stock and Sell Risk Free Bond",16.77198846232086
237,1.957,0.0422,0.0406,1.95,2016-Feb-16 09:32:12.909664,"Put Call Parity, Sell Call and Buy Put and Buy the Stock and Sell Risk Free Bond",11.210152526720638
238,1.957,0.155,0.0034,1.8,2016-Feb-16 09:32:12.909807,"Put Call Parity, Sell Call and Buy Put and Buy the Stock and Sell Risk Free Bond",12.524644719920065
239,1.957,0.0232,0.071,2.0,2016-Feb-16 09:32:13.409386,"Put Call Parity, Sell Call and Buy Put and Buy the Stock and Sell Risk Free Bond",16.77198846232086
240,1.957,0.0422,0.0406,1.95,2016-Feb-16 09:32:13.409402,"Put Call Parity, Sell Call and Buy Put and Buy the Stock and Sell Risk Free Bond",11.210152526720638
241,1.957,0.155,0.0034,1.8,2016-Feb-16 09:32:13.409461,"Put Call Parity, Sell Call and Buy Put and Buy the Stock and Sell Risk Free Bond",12.524644719920065
242,1.957,0.011,0.1102,2.05,2016-Feb-16 09:32:13.910516,"Put Call Parity, Sell Call and Buy Put and Buy the Stock and Sell Risk Free Bond",2.333824397920928
243,1.957,0.011,0.1102,2.05,2016-Feb-16 09:32:13.910666,"Put Call Parity, Sell Call and Buy Put and Buy the Stock and Sell Risk Free Bond",2.333824397920928
244,1.957,0.0241,0.071,2.0,2016-Feb-16 09:32:13.910726,"Put Call Parity, Sell Call and Buy Put and Buy the Stock and Sell Risk Free Bond",25.77198846232084
245,1.957,0.0422,0.0406,1.95,2016-Feb-16 09:32:13.910748,"Put Call Parity, Sell Call and Buy Put and Buy the Stock and Sell Risk Free Bond",11.210152526720638
246,1.957,0.0422,0.0406,1.95,2016-Feb-16 09:32:13.910813,"Put Call Parity, Sell Call and Buy Put and Buy the Stock and Sell Risk Free Bond",11.210152526720638
247,1.957,0.155,0.0034,1.8,2016-Feb-16 09:32:13.910860,"Put Call Parity, Sell Call and Buy Put and Buy the Stock and Sell Risk Free Bond",12.524644719920065
248,1.959,0.0241,0.071,2.0,2016-Feb-16 09:32:14.938413,"Put Call Parity, Sell Call and Buy Put and Buy the Stock and Sell Risk Free Bond",5.859467819541135
249,1.959,0.0241,0.071,2.0,2016-Feb-16 09:32:15.548289,"Put Call Parity, Sell Call and Buy Put and Buy the Stock and Sell Risk Free Bond",5.859467819541135
250,1.959,0.0241,0.071,2.0,2016-Feb-16 09:32:15.548334,"Put Call Parity, Sell Call and Buy Put and Buy the Stock and Sell Risk Free Bond",5.859467819541135
251,1.959,0.0241,0.071,2.0,2016-Feb-16 09:32:16.055684,"Put Call Parity, Sell Call and Buy Put and Buy the Stock and Sell Risk Free Bond",5.859467819541135
252,1.959,0.0431,0.0406,1.95,2016-Feb-16 09:32:16.055833,"Put Call Parity, Sell Call and Buy Put and Buy the Stock and Sell Risk Free Bond",0.29763188394091067
253,1.959,0.0431,0.0406,1.95,2016-Feb-16 09:32:16.055862,"Put Call Parity, Sell Call and Buy Put and Buy the Stock and Sell Risk Free Bond",0.29763188394091067
254,1.959,0.0241,0.071,2.0,2016-Feb-16 09:32:16.538638,"Put Call Parity, Sell Call and Buy Put and Buy the Stock and Sell Risk Free Bond",5.859467819541135
255,1.959,0.0431,0.0406,1.95,2016-Feb-16 09:32:16.538672,"Put Call Parity, Sell Call and Buy Put and Buy the Stock and Sell Risk Free Bond",0.29763188394091067
256,1.959,0.0241,0.071,2.0,2016-Feb-16 09:32:17.052100,"Put Call Parity, Sell Call and Buy Put and Buy the Stock and Sell Risk Free Bond",5.859467819541135
257,1.959,0.0431,0.0406,1.95,2016-Feb-16 09:32:17.052129,"Put Call Parity, Sell Call and Buy Put and Buy the Stock and Sell Risk Free Bond",0.29763188394091067
258,1.959,0.0241,0.071,2.0,2016-Feb-16 09:32:17.567962,"Put Call Parity, Sell Call and Buy Put and Buy the Stock and Sell Risk Free Bond",5.859467819541135
259,1.959,0.0431,0.0406,1.95,2016-Feb-16 09:32:17.568038,"Put Call Parity, Sell Call and Buy Put and Buy the Stock and Sell Risk Free Bond",0.29763188394091067
260,1.959,0.0431,0.0406,1.95,2016-Feb-16 09:32:17.568068,"Put Call Parity, Sell Call and Buy Put and Buy the Stock and Sell Risk Free Bond",0.29763188394091067
261,1.959,0.0431,0.0406,1.95,2016-Feb-16 09:32:18.074420,"Put Call Parity, Sell Call and Buy Put and Buy the Stock and Sell Risk Free Bond",0.29763188394091067
262,1.959,0.0431,0.0406,1.95,2016-Feb-16 09:32:18.584415,"Put Call Parity, Sell Call and Buy Put and Buy the Stock and Sell Risk Free Bond",0.29763188394091067
263,1.959,0.0115,0.1086,2.05,2016-Feb-16 09:32:19.068913,"Put Call Parity, Sell Call and Buy Put and Buy the Stock and Sell Risk Free Bond",3.421303755141267
264,1.959,0.0115,0.1086,2.05,2016-Feb-16 09:32:19.068930,"Put Call Parity, Sell Call and Buy Put and Buy the Stock and Sell Risk Free Bond",3.421303755141267
265,1.959,0.026,0.071,2.0,2016-Feb-16 09:32:19.068959,"Put Call Parity, Sell Call and Buy Put and Buy the Stock and Sell Risk Free Bond",24.859467819541123
266,1.959,0.0115,0.1086,2.05,2016-Feb-16 09:32:20.034027,"Put Call Parity, Sell Call and Buy Put and Buy the Stock and Sell Risk Free Bond",3.421303755141267
267,1.959,0.0115,0.1086,2.05,2016-Feb-16 09:32:20.034047,"Put Call Parity, Sell Call and Buy Put and Buy the Stock and Sell Risk Free Bond",3.421303755141267
268,1.959,0.0241,0.071,2.0,2016-Feb-16 09:32:20.034125,"Put Call Parity, Sell Call and Buy Put and Buy the Stock and Sell Risk Free Bond",5.859467819541135
269,1.959,0.0431,0.0406,1.95,2016-Feb-16 09:32:20.034176,"Put Call Parity, Sell Call and Buy Put and Buy the Stock and Sell Risk Free Bond",0.29763188394091067
270,1.959,0.0431,0.0406,1.95,2016-Feb-16 09:32:20.034209,"Put Call Parity, Sell Call and Buy Put and Buy the Stock and Sell Risk Free Bond",0.29763188394091067
271,1.959,0.0115,0.1086,2.05,2016-Feb-16 09:32:20.425435,"Put Call Parity, Sell Call and Buy Put and Buy the Stock and Sell Risk Free Bond",3.421303755141267
272,1.959,0.0241,0.071,2.0,2016-Feb-16 09:32:20.425463,"Put Call Parity, Sell Call and Buy Put and Buy the Stock and Sell Risk Free Bond",5.859467819541135
273,1.959,0.0115,0.1086,2.05,2016-Feb-16 09:32:20.918899,"Put Call Parity, Sell Call and Buy Put and Buy the Stock and Sell Risk Free Bond",3.421303755141267
274,1.959,0.0241,0.071,2.0,2016-Feb-16 09:32:20.918964,"Put Call Parity, Sell Call and Buy Put and Buy the Stock and Sell Risk Free Bond",5.859467819541135
275,1.959,0.0241,0.0709,2.0,2016-Feb-16 09:32:20.919029,"Put Call Parity, Sell Call and Buy Put and Buy the Stock and Sell Risk Free Bond",6.859467819541025
276,1.959,0.0431,0.0406,1.95,2016-Feb-16 09:32:20.919053,"Put Call Parity, Sell Call and Buy Put and Buy the Stock and Sell Risk Free Bond",0.29763188394091067
277,1.959,0.0241,0.0709,2.0,2016-Feb-16 09:32:21.436144,"Put Call Parity, Sell Call and Buy Put and Buy the Stock and Sell Risk Free Bond",6.859467819541025
278,1.959,0.0241,0.0709,2.0,2016-Feb-16 09:32:21.436217,"Put Call Parity, Sell Call and Buy Put and Buy the Stock and Sell Risk Free Bond",6.859467819541025
279,1.959,0.0431,0.0406,1.95,2016-Feb-16 09:32:21.436244,"Put Call Parity, Sell Call and Buy Put and Buy the Stock and Sell Risk Free Bond",0.29763188394091067
280,1.959,0.0431,0.0406,1.95,2016-Feb-16 09:32:21.436260,"Put Call Parity, Sell Call and Buy Put and Buy the Stock and Sell Risk Free Bond",0.29763188394091067
281,1.959,0.0241,0.0709,2.0,2016-Feb-16 09:32:21.922077,"Put Call Parity, Sell Call and Buy Put and Buy the Stock and Sell Risk Free Bond",6.859467819541025
282,1.959,0.0431,0.0406,1.95,2016-Feb-16 09:32:21.922197,"Put Call Parity, Sell Call and Buy Put and Buy the Stock and Sell Risk Free Bond",0.29763188394091067
283,1.959,0.0241,0.0709,2.0,2016-Feb-16 09:32:22.441391,"Put Call Parity, Sell Call and Buy Put and Buy the Stock and Sell Risk Free Bond",6.859467819541025
284,1.959,0.0241,0.0709,2.0,2016-Feb-16 09:32:22.441435,"Put Call Parity, Sell Call and Buy Put and Buy the Stock and Sell Risk Free Bond",6.859467819541025
285,1.959,0.0431,0.0406,1.95,2016-Feb-16 09:32:22.441453,"Put Call Parity, Sell Call and Buy Put and Buy the Stock and Sell Risk Free Bond",0.29763188394091067
286,1.959,0.0431,0.0406,1.95,2016-Feb-16 09:32:22.441483,"Put Call Parity, Sell Call and Buy Put and Buy the Stock and Sell Risk Free Bond",0.29763188394091067
287,1.959,0.0256,0.0709,2.0,2016-Feb-16 09:32:22.924244,"Put Call Parity, Sell Call and Buy Put and Buy the Stock and Sell Risk Free Bond",21.859467819541035
288,1.959,0.0431,0.0406,1.95,2016-Feb-16 09:32:22.924291,"Put Call Parity, Sell Call and Buy Put and Buy the Stock and Sell Risk Free Bond",0.29763188394091067
289,1.959,0.0255,0.0709,2.0,2016-Feb-16 09:32:23.469809,"Put Call Parity, Sell Call and Buy Put and Buy the Stock and Sell Risk Free Bond",20.859467819541006
290,1.959,0.0431,0.0406,1.95,2016-Feb-16 09:32:23.469843,"Put Call Parity, Sell Call and Buy Put and Buy the Stock and Sell Risk Free Bond",0.29763188394091067
291,1.959,0.0431,0.0406,1.95,2016-Feb-16 09:32:23.469996,"Put Call Parity, Sell Call and Buy Put and Buy the Stock and Sell Risk Free Bond",0.29763188394091067
292,1.959,0.0241,0.0709,2.0,2016-Feb-16 09:32:23.953772,"Put Call Parity, Sell Call and Buy Put and Buy the Stock and Sell Risk Free Bond",6.859467819541025
293,1.958,0.0062,0.154,2.1,2016-Feb-16 09:32:35.065170,"Put Call Parity, Sell Call and Buy Put and Buy the Stock and Sell Risk Free Bond",5.9394000121348585
294,1.958,0.0118,0.1086,2.05,2016-Feb-16 09:32:35.065262,"Put Call Parity, Sell Call and Buy Put and Buy the Stock and Sell Risk Free Bond",16.377564076532316
295,1.958,0.0241,0.0709,2.0,2016-Feb-16 09:32:35.065345,"Put Call Parity, Sell Call and Buy Put and Buy the Stock and Sell Risk Free Bond",16.815728140931988
296,1.958,0.0241,0.07,2.0,2016-Feb-16 09:32:35.065402,"Put Call Parity, Sell Call and Buy Put and Buy the Stock and Sell Risk Free Bond",25.815728140931967
297,1.958,0.0438,0.0405,1.95,2016-Feb-16 09:32:35.065453,"Put Call Parity, Sell Call and Buy Put and Buy the Stock and Sell Risk Free Bond",18.253892205331827
298,1.958,0.0062,0.154,2.1,2016-Feb-16 09:32:35.560059,"Put Call Parity, Sell Call and Buy Put and Buy the Stock and Sell Risk Free Bond",5.9394000121348585
299,1.958,0.0241,0.07,2.0,2016-Feb-16 09:32:35.560094,"Put Call Parity, Sell Call and Buy Put and Buy the Stock and Sell Risk Free Bond",25.815728140931967
300,1.958,0.0438,0.0405,1.95,2016-Feb-16 09:32:35.560143,"Put Call Parity, Sell Call and Buy Put and Buy the Stock and Sell Risk Free Bond",18.253892205331827
301,1.958,0.0715,0.0195,1.9,2016-Feb-16 09:32:35.560260,"Put Call Parity, Sell Call and Buy Put and Buy the Stock and Sell Risk Free Bond",5.6920562697293215
302,1.958,0.155,0.0034,1.8,2016-Feb-16 09:32:35.560320,"Put Call Parity, Sell Call and Buy Put and Buy the Stock and Sell Risk Free Bond",2.5683843985313235
303,1.958,0.0062,0.154,2.1,2016-Feb-16 09:32:36.055854,"Put Call Parity, Sell Call and Buy Put and Buy the Stock and Sell Risk Free Bond",5.9394000121348585
304,1.958,0.0062,0.154,2.1,2016-Feb-16 09:32:36.055995,"Put Call Parity, Sell Call and Buy Put and Buy the Stock and Sell Risk Free Bond",5.9394000121348585
305,1.958,0.0118,0.1086,2.05,2016-Feb-16 09:32:36.056063,"Put Call Parity, Sell Call and Buy Put and Buy the Stock and Sell Risk Free Bond",16.377564076532316
306,1.958,0.0118,0.1086,2.05,2016-Feb-16 09:32:36.056114,"Put Call Parity, Sell Call and Buy Put and Buy the Stock and Sell Risk Free Bond",16.377564076532316
307,1.958,0.0236,0.07,2.0,2016-Feb-16 09:32:36.056144,"Put Call Parity, Sell Call and Buy Put and Buy the Stock and Sell Risk Free Bond",20.815728140931963
308,1.958,0.0236,0.07,2.0,2016-Feb-16 09:32:36.056164,"Put Call Parity, Sell Call and Buy Put and Buy the Stock and Sell Risk Free Bond",20.815728140931963
309,1.958,0.0432,0.0405,1.95,2016-Feb-16 09:32:36.056181,"Put Call Parity, Sell Call and Buy Put and Buy the Stock and Sell Risk Free Bond",12.253892205331862
310,1.958,0.0432,0.0405,1.95,2016-Feb-16 09:32:36.056198,"Put Call Parity, Sell Call and Buy Put and Buy the Stock and Sell Risk Free Bond",12.253892205331862
311,1.958,0.0715,0.0195,1.9,2016-Feb-16 09:32:36.056245,"Put Call Parity, Sell Call and Buy Put and Buy the Stock and Sell Risk Free Bond",5.6920562697293215
312,1.958,0.155,0.0034,1.8,2016-Feb-16 09:32:36.056553,"Put Call Parity, Sell Call and Buy Put and Buy the Stock and Sell Risk Free Bond",2.5683843985313235
313,1.958,0.155,0.0034,1.8,2016-Feb-16 09:32:36.056575,"Put Call Parity, Sell Call and Buy Put and Buy the Stock and Sell Risk Free Bond",2.5683843985313235
314,1.958,0.0715,0.0195,1.9,2016-Feb-16 09:32:36.158946,"Put Call Parity, Sell Call and Buy Put and Buy the Stock and Sell Risk Free Bond",5.6920562697293215
315,1.958,0.0062,0.154,2.1,2016-Feb-16 09:32:36.557924,"Put Call Parity, Sell Call and Buy Put and Buy the Stock and Sell Risk Free Bond",5.9394000121348585
316,1.958,0.0062,0.154,2.1,2016-Feb-16 09:32:36.557954,"Put Call Parity, Sell Call and Buy Put and Buy the Stock and Sell Risk Free Bond",5.9394000121348585
317,1.958,0.0118,0.1086,2.05,2016-Feb-16 09:32:36.557985,"Put Call Parity, Sell Call and Buy Put and Buy the Stock and Sell Risk Free Bond",16.377564076532316
318,1.958,0.0236,0.07,2.0,2016-Feb-16 09:32:36.558073,"Put Call Parity, Sell Call and Buy Put and Buy the Stock and Sell Risk Free Bond",20.815728140931963
319,1.958,0.0236,0.07,2.0,2016-Feb-16 09:32:36.558103,"Put Call Parity, Sell Call and Buy Put and Buy the Stock and Sell Risk Free Bond",20.815728140931963
320,1.958,0.0432,0.0405,1.95,2016-Feb-16 09:32:36.558158,"Put Call Parity, Sell Call and Buy Put and Buy the Stock and Sell Risk Free Bond",12.253892205331862
321,1.958,0.0715,0.0195,1.9,2016-Feb-16 09:32:36.558258,"Put Call Parity, Sell Call and Buy Put and Buy the Stock and Sell Risk Free Bond",5.6920562697293215
322,1.958,0.155,0.0034,1.8,2016-Feb-16 09:32:36.558635,"Put Call Parity, Sell Call and Buy Put and Buy the Stock and Sell Risk Free Bond",2.5683843985313235
323,1.958,0.155,0.0035,1.8,2016-Feb-16 09:32:36.558665,"Put Call Parity, Sell Call and Buy Put and Buy the Stock and Sell Risk Free Bond",1.5683843985311556
324,1.958,0.0062,0.154,2.1,2016-Feb-16 09:32:37.064979,"Put Call Parity, Sell Call and Buy Put and Buy the Stock and Sell Risk Free Bond",5.9394000121348585
325,1.958,0.0119,0.1086,2.05,2016-Feb-16 09:32:37.065000,"Put Call Parity, Sell Call and Buy Put and Buy the Stock and Sell Risk Free Bond",17.377564076532206
326,1.958,0.0119,0.1086,2.05,2016-Feb-16 09:32:37.065029,"Put Call Parity, Sell Call and Buy Put and Buy the Stock and Sell Risk Free Bond",17.377564076532206
327,1.958,0.0233,0.07,2.0,2016-Feb-16 09:32:37.065058,"Put Call Parity, Sell Call and Buy Put and Buy the Stock and Sell Risk Free Bond",17.815728140932016
328,1.958,0.0233,0.07,2.0,2016-Feb-16 09:32:37.065078,"Put Call Parity, Sell Call and Buy Put and Buy the Stock and Sell Risk Free Bond",17.815728140932016
329,1.958,0.0432,0.0405,1.95,2016-Feb-16 09:32:37.065111,"Put Call Parity, Sell Call and Buy Put and Buy the Stock and Sell Risk Free Bond",12.253892205331862
330,1.958,0.0715,0.0195,1.9,2016-Feb-16 09:32:37.065423,"Put Call Parity, Sell Call and Buy Put and Buy the Stock and Sell Risk Free Bond",5.6920562697293215
331,1.958,0.155,0.0035,1.8,2016-Feb-16 09:32:37.065454,"Put Call Parity, Sell Call and Buy Put and Buy the Stock and Sell Risk Free Bond",1.5683843985311556
332,1.958,0.0119,0.1086,2.05,2016-Feb-16 09:32:37.554816,"Put Call Parity, Sell Call and Buy Put and Buy the Stock and Sell Risk Free Bond",17.377564076532206
333,1.958,0.0233,0.07,2.0,2016-Feb-16 09:32:37.554858,"Put Call Parity, Sell Call and Buy Put and Buy the Stock and Sell Risk Free Bond",17.815728140932016
334,1.958,0.0233,0.07,2.0,2016-Feb-16 09:32:37.555077,"Put Call Parity, Sell Call and Buy Put and Buy the Stock and Sell Risk Free Bond",17.815728140932016
335,1.958,0.0432,0.0405,1.95,2016-Feb-16 09:32:37.555205,"Put Call Parity, Sell Call and Buy Put and Buy the Stock and Sell Risk Free Bond",12.253892205331862
336,1.958,0.0715,0.0195,1.9,2016-Feb-16 09:32:37.555227,"Put Call Parity, Sell Call and Buy Put and Buy the Stock and Sell Risk Free Bond",5.6920562697293215
337,1.958,0.155,0.0035,1.8,2016-Feb-16 09:32:37.555269,"Put Call Parity, Sell Call and Buy Put and Buy the Stock and Sell Risk Free Bond",1.5683843985311556
338,1.958,0.0062,0.154,2.1,2016-Feb-16 09:32:38.104195,"Put Call Parity, Sell Call and Buy Put and Buy the Stock and Sell Risk Free Bond",5.9394000121348585
339,1.958,0.0062,0.154,2.1,2016-Feb-16 09:32:38.104258,"Put Call Parity, Sell Call and Buy Put and Buy the Stock and Sell Risk Free Bond",5.9394000121348585
340,1.958,0.0119,0.1086,2.05,2016-Feb-16 09:32:38.104287,"Put Call Parity, Sell Call and Buy Put and Buy the Stock and Sell Risk Free Bond",17.377564076532206
341,1.958,0.023,0.07,2.0,2016-Feb-16 09:32:38.104336,"Put Call Parity, Sell Call and Buy Put and Buy the Stock and Sell Risk Free Bond",14.815728140931999
342,1.958,0.0432,0.0405,1.95,2016-Feb-16 09:32:38.104356,"Put Call Parity, Sell Call and Buy Put and Buy the Stock and Sell Risk Free Bond",12.253892205331862
343,1.958,0.155,0.0035,1.8,2016-Feb-16 09:32:38.104501,"Put Call Parity, Sell Call and Buy Put and Buy the Stock and Sell Risk Free Bond",1.5683843985311556
344,1.958,0.0062,0.154,2.1,2016-Feb-16 09:32:38.604363,"Put Call Parity, Sell Call and Buy Put and Buy the Stock and Sell Risk Free Bond",5.9394000121348585
345,1.958,0.0119,0.1086,2.05,2016-Feb-16 09:32:38.604422,"Put Call Parity, Sell Call and Buy Put and Buy the Stock and Sell Risk Free Bond",17.377564076532206
346,1.958,0.0229,0.07,2.0,2016-Feb-16 09:32:38.604440,"Put Call Parity, Sell Call and Buy Put and Buy the Stock and Sell Risk Free Bond",13.815728140932041
347,1.958,0.0229,0.07,2.0,2016-Feb-16 09:32:38.604770,"Put Call Parity, Sell Call and Buy Put and Buy the Stock and Sell Risk Free Bond",13.815728140932041
348,1.958,0.0432,0.0405,1.95,2016-Feb-16 09:32:38.604823,"Put Call Parity, Sell Call and Buy Put and Buy the Stock and Sell Risk Free Bond",12.253892205331862
349,1.958,0.0432,0.0405,1.95,2016-Feb-16 09:32:38.604859,"Put Call Parity, Sell Call and Buy Put and Buy the Stock and Sell Risk Free Bond",12.253892205331862
350,1.958,0.155,0.0035,1.8,2016-Feb-16 09:32:38.605001,"Put Call Parity, Sell Call and Buy Put and Buy the Stock and Sell Risk Free Bond",1.5683843985311556
351,1.958,0.0119,0.1086,2.05,2016-Feb-16 09:32:39.098265,"Put Call Parity, Sell Call and Buy Put and Buy the Stock and Sell Risk Free Bond",17.377564076532206
352,1.958,0.0432,0.0405,1.95,2016-Feb-16 09:32:39.098285,"Put Call Parity, Sell Call and Buy Put and Buy the Stock and Sell Risk Free Bond",12.253892205331862
353,1.958,0.0062,0.154,2.1,2016-Feb-16 09:32:40.040381,"Put Call Parity, Sell Call and Buy Put and Buy the Stock and Sell Risk Free Bond",5.9394000121348585
354,1.958,0.0112,0.1086,2.05,2016-Feb-16 09:32:40.040475,"Put Call Parity, Sell Call and Buy Put and Buy the Stock and Sell Risk Free Bond",10.377564076532284
355,1.958,0.0112,0.1086,2.05,2016-Feb-16 09:32:40.040531,"Put Call Parity, Sell Call and Buy Put and Buy the Stock and Sell Risk Free Bond",10.377564076532284
356,1.958,0.0228,0.07,2.0,2016-Feb-16 09:32:40.040564,"Put Call Parity, Sell Call and Buy Put and Buy the Stock and Sell Risk Free Bond",12.815728140932013
357,1.958,0.0228,0.07,2.0,2016-Feb-16 09:32:40.040584,"Put Call Parity, Sell Call and Buy Put and Buy the Stock and Sell Risk Free Bond",12.815728140932013
358,1.958,0.0432,0.0405,1.95,2016-Feb-16 09:32:40.040618,"Put Call Parity, Sell Call and Buy Put and Buy the Stock and Sell Risk Free Bond",12.253892205331862
359,1.958,0.0432,0.0405,1.95,2016-Feb-16 09:32:40.040647,"Put Call Parity, Sell Call and Buy Put and Buy the Stock and Sell Risk Free Bond",12.253892205331862
360,1.958,0.0715,0.0195,1.9,2016-Feb-16 09:32:40.040831,"Put Call Parity, Sell Call and Buy Put and Buy the Stock and Sell Risk Free Bond",5.6920562697293215
361,1.958,0.155,0.0035,1.8,2016-Feb-16 09:32:40.040863,"Put Call Parity, Sell Call and Buy Put and Buy the Stock and Sell Risk Free Bond",1.5683843985311556
362,1.958,0.0112,0.1086,2.05,2016-Feb-16 09:32:40.518252,"Put Call Parity, Sell Call and Buy Put and Buy the Stock and Sell Risk Free Bond",10.377564076532284
363,1.958,0.0228,0.07,2.0,2016-Feb-16 09:32:40.518270,"Put Call Parity, Sell Call and Buy Put and Buy the Stock and Sell Risk Free Bond",12.815728140932013
364,1.958,0.0432,0.0405,1.95,2016-Feb-16 09:32:40.518292,"Put Call Parity, Sell Call and Buy Put and Buy the Stock and Sell Risk Free Bond",12.253892205331862
365,1.958,0.0112,0.1086,2.05,2016-Feb-16 09:32:41.050212,"Put Call Parity, Sell Call and Buy Put and Buy the Stock and Sell Risk Free Bond",10.377564076532284
366,1.958,0.0228,0.07,2.0,2016-Feb-16 09:32:41.050244,"Put Call Parity, Sell Call and Buy Put and Buy the Stock and Sell Risk Free Bond",12.815728140932013
367,1.958,0.0112,0.1086,2.05,2016-Feb-16 09:32:41.532142,"Put Call Parity, Sell Call and Buy Put and Buy the Stock and Sell Risk Free Bond",10.377564076532284
368,1.958,0.0715,0.0195,1.9,2016-Feb-16 09:32:42.042629,"Put Call Parity, Sell Call and Buy Put and Buy the Stock and Sell Risk Free Bond",5.6920562697293215
369,1.958,0.0432,0.0405,1.95,2016-Feb-16 09:32:42.552160,"Put Call Parity, Sell Call and Buy Put and Buy the Stock and Sell Risk Free Bond",12.253892205331862
370,1.958,0.042,0.0405,1.95,2016-Feb-16 09:32:43.060550,"Put Call Parity, Sell Call and Buy Put and Buy the Stock and Sell Risk Free Bond",0.25389220533186574
371,1.958,0.042,0.0405,1.95,2016-Feb-16 09:32:43.060568,"Put Call Parity, Sell Call and Buy Put and Buy the Stock and Sell Risk Free Bond",0.25389220533186574
372,1.958,0.0715,0.0195,1.9,2016-Feb-16 09:32:43.060585,"Put Call Parity, Sell Call and Buy Put and Buy the Stock and Sell Risk Free Bond",5.6920562697293215
373,1.958,0.1101,0.0082,1.85,2016-Feb-16 09:32:43.559647,"Put Call Parity, Sell Call and Buy Put and Buy the Stock and Sell Risk Free Bond",5.130220334131461
374,1.958,0.0715,0.0195,1.9,2016-Feb-16 09:32:43.559673,"Put Call Parity, Sell Call and Buy Put and Buy the Stock and Sell Risk Free Bond",5.6920562697293215
375,1.958,0.0416,0.04,1.95,2016-Feb-16 09:32:44.081360,"Put Call Parity, Sell Call and Buy Put and Buy the Stock and Sell Risk Free Bond",1.2538922053318249
376,1.958,0.1101,0.0082,1.85,2016-Feb-16 09:32:44.081383,"Put Call Parity, Sell Call and Buy Put and Buy the Stock and Sell Risk Free Bond",5.130220334131461
377,1.958,0.0715,0.0195,1.9,2016-Feb-16 09:32:44.081398,"Put Call Parity, Sell Call and Buy Put and Buy the Stock and Sell Risk Free Bond",5.6920562697293215
378,1.958,0.0062,0.154,2.1,2016-Feb-16 09:32:45.102699,"Put Call Parity, Sell Call and Buy Put and Buy the Stock and Sell Risk Free Bond",5.9394000121348585
379,1.958,0.0112,0.1086,2.05,2016-Feb-16 09:32:45.102738,"Put Call Parity, Sell Call and Buy Put and Buy the Stock and Sell Risk Free Bond",10.377564076532284
380,1.958,0.0229,0.07,2.0,2016-Feb-16 09:32:45.102792,"Put Call Parity, Sell Call and Buy Put and Buy the Stock and Sell Risk Free Bond",13.815728140932041
381,1.958,0.0229,0.07,2.0,2016-Feb-16 09:32:45.102825,"Put Call Parity, Sell Call and Buy Put and Buy the Stock and Sell Risk Free Bond",13.815728140932041
382,1.958,0.0438,0.04,1.95,2016-Feb-16 09:32:45.102888,"Put Call Parity, Sell Call and Buy Put and Buy the Stock and Sell Risk Free Bond",23.25389220533183
383,1.958,0.0438,0.04,1.95,2016-Feb-16 09:32:45.102915,"Put Call Parity, Sell Call and Buy Put and Buy the Stock and Sell Risk Free Bond",23.25389220533183
384,1.958,0.1101,0.0082,1.85,2016-Feb-16 09:32:45.103063,"Put Call Parity, Sell Call and Buy Put and Buy the Stock and Sell Risk Free Bond",5.130220334131461
385,1.958,0.0715,0.0195,1.9,2016-Feb-16 09:32:45.103085,"Put Call Parity, Sell Call and Buy Put and Buy the Stock and Sell Risk Free Bond",5.6920562697293215
386,1.958,0.0062,0.154,2.1,2016-Feb-16 09:32:45.604530,"Put Call Parity, Sell Call and Buy Put and Buy the Stock and Sell Risk Free Bond",5.9394000121348585
387,1.958,0.0438,0.04,1.95,2016-Feb-16 09:32:45.604548,"Put Call Parity, Sell Call and Buy Put and Buy the Stock and Sell Risk Free Bond",23.25389220533183
388,1.958,0.0438,0.0405,1.95,2016-Feb-16 09:32:45.604600,"Put Call Parity, Sell Call and Buy Put and Buy the Stock and Sell Risk Free Bond",18.253892205331827
389,1.958,0.1101,0.0082,1.85,2016-Feb-16 09:32:45.604621,"Put Call Parity, Sell Call and Buy Put and Buy the Stock and Sell Risk Free Bond",5.130220334131461
390,1.958,0.0062,0.154,2.1,2016-Feb-16 09:32:46.096977,"Put Call Parity, Sell Call and Buy Put and Buy the Stock and Sell Risk Free Bond",5.9394000121348585
391,1.958,0.1101,0.0082,1.85,2016-Feb-16 09:32:46.624717,"Put Call Parity, Sell Call and Buy Put and Buy the Stock and Sell Risk Free Bond",5.130220334131461
392,1.958,0.0715,0.0195,1.9,2016-Feb-16 09:32:46.624736,"Put Call Parity, Sell Call and Buy Put and Buy the Stock and Sell Risk Free Bond",5.6920562697293215
393,1.958,0.0229,0.07,2.0,2016-Feb-16 09:32:47.103943,"Put Call Parity, Sell Call and Buy Put and Buy the Stock and Sell Risk Free Bond",13.815728140932041
394,1.958,0.0062,0.154,2.1,2016-Feb-16 09:32:47.620570,"Put Call Parity, Sell Call and Buy Put and Buy the Stock and Sell Risk Free Bond",5.9394000121348585
395,1.958,0.0715,0.0195,1.9,2016-Feb-16 09:32:47.620720,"Put Call Parity, Sell Call and Buy Put and Buy the Stock and Sell Risk Free Bond",5.6920562697293215
396,1.958,0.0062,0.154,2.1,2016-Feb-16 09:32:49.165545,"Put Call Parity, Sell Call and Buy Put and Buy the Stock and Sell Risk Free Bond",5.9394000121348585
397,1.958,0.0062,0.154,2.1,2016-Feb-16 09:32:50.069211,"Put Call Parity, Sell Call and Buy Put and Buy the Stock and Sell Risk Free Bond",5.9394000121348585
398,1.958,0.0715,0.0195,1.9,2016-Feb-16 09:32:50.069264,"Put Call Parity, Sell Call and Buy Put and Buy the Stock and Sell Risk Free Bond",5.6920562697293215
399,1.958,0.155,0.0035,1.8,2016-Feb-16 09:32:50.069280,"Put Call Parity, Sell Call and Buy Put and Buy the Stock and Sell Risk Free Bond",1.5683843985311556
400,1.958,0.0062,0.154,2.1,2016-Feb-16 09:32:50.582516,"Put Call Parity, Sell Call and Buy Put and Buy the Stock and Sell Risk Free Bond",5.9394000121348585
401,1.958,0.1101,0.0082,1.85,2016-Feb-16 09:32:50.582674,"Put Call Parity, Sell Call and Buy Put and Buy the Stock and Sell Risk Free Bond",5.130220334131461
402,1.958,0.155,0.0035,1.8,2016-Feb-16 09:32:50.582862,"Put Call Parity, Sell Call and Buy Put and Buy the Stock and Sell Risk Free Bond",1.5683843985311556
403,1.958,0.155,0.0035,1.8,2016-Feb-16 09:32:50.582902,"Put Call Parity, Sell Call and Buy Put and Buy the Stock and Sell Risk Free Bond",1.5683843985311556
404,1.958,0.0062,0.154,2.1,2016-Feb-16 09:32:51.070768,"Put Call Parity, Sell Call and Buy Put and Buy the Stock and Sell Risk Free Bond",5.9394000121348585
405,1.958,0.0229,0.07,2.0,2016-Feb-16 09:32:51.070851,"Put Call Parity, Sell Call and Buy Put and Buy the Stock and Sell Risk Free Bond",13.815728140932041
406,1.958,0.0715,0.0195,1.9,2016-Feb-16 09:32:51.070909,"Put Call Parity, Sell Call and Buy Put and Buy the Stock and Sell Risk Free Bond",5.6920562697293215
407,1.958,0.1101,0.0082,1.85,2016-Feb-16 09:32:51.070992,"Put Call Parity, Sell Call and Buy Put and Buy the Stock and Sell Risk Free Bond",5.130220334131461
408,1.958,0.155,0.0035,1.8,2016-Feb-16 09:32:51.071010,"Put Call Parity, Sell Call and Buy Put and Buy the Stock and Sell Risk Free Bond",1.5683843985311556
409,1.958,0.155,0.0034,1.8,2016-Feb-16 09:32:51.071027,"Put Call Parity, Sell Call and Buy Put and Buy the Stock and Sell Risk Free Bond",2.5683843985313235
410,1.958,0.0062,0.154,2.1,2016-Feb-16 09:32:51.595248,"Put Call Parity, Sell Call and Buy Put and Buy the Stock and Sell Risk Free Bond",5.9394000121348585
411,1.958,0.0062,0.154,2.1,2016-Feb-16 09:32:52.081021,"Put Call Parity, Sell Call and Buy Put and Buy the Stock and Sell Risk Free Bond",5.9394000121348585
412,1.958,0.0229,0.07,2.0,2016-Feb-16 09:32:52.081043,"Put Call Parity, Sell Call and Buy Put and Buy the Stock and Sell Risk Free Bond",13.815728140932041
413,1.958,0.0062,0.154,2.1,2016-Feb-16 09:32:52.595697,"Put Call Parity, Sell Call and Buy Put and Buy the Stock and Sell Risk Free Bond",5.9394000121348585
414,1.958,0.0062,0.154,2.1,2016-Feb-16 09:32:53.110728,"Put Call Parity, Sell Call and Buy Put and Buy the Stock and Sell Risk Free Bond",5.9394000121348585
415,1.958,0.0062,0.154,2.1,2016-Feb-16 09:32:53.512729,"Put Call Parity, Sell Call and Buy Put and Buy the Stock and Sell Risk Free Bond",5.9394000121348585
416,1.958,0.0112,0.1095,2.05,2016-Feb-16 09:32:53.512753,"Put Call Parity, Sell Call and Buy Put and Buy the Stock and Sell Risk Free Bond",1.3775640765323036
417,1.958,0.0062,0.154,2.1,2016-Feb-16 09:32:54.018905,"Put Call Parity, Sell Call and Buy Put and Buy the Stock and Sell Risk Free Bond",5.9394000121348585
418,1.958,0.0112,0.1095,2.05,2016-Feb-16 09:32:54.019033,"Put Call Parity, Sell Call and Buy Put and Buy the Stock and Sell Risk Free Bond",1.3775640765323036
419,1.958,0.1101,0.0082,1.85,2016-Feb-16 09:32:54.019156,"Put Call Parity, Sell Call and Buy Put and Buy the Stock and Sell Risk Free Bond",5.130220334131461
420,1.958,0.0715,0.0195,1.9,2016-Feb-16 09:32:54.019288,"Put Call Parity, Sell Call and Buy Put and Buy the Stock and Sell Risk Free Bond",5.6920562697293215
421,1.958,0.1101,0.0082,1.85,2016-Feb-16 09:32:54.019315,"Put Call Parity, Sell Call and Buy Put and Buy the Stock and Sell Risk Free Bond",5.130220334131461
422,1.958,0.0715,0.0195,1.9,2016-Feb-16 09:32:54.019361,"Put Call Parity, Sell Call and Buy Put and Buy the Stock and Sell Risk Free Bond",5.6920562697293215
423,1.958,0.155,0.0034,1.8,2016-Feb-16 09:32:54.019398,"Put Call Parity, Sell Call and Buy Put and Buy the Stock and Sell Risk Free Bond",2.5683843985313235
424,1.959,0.0229,0.07,2.0,2016-Feb-16 09:32:55.574277,"Put Call Parity, Sell Call and Buy Put and Buy the Stock and Sell Risk Free Bond",3.8594678195410763
